{
  "Name": "Player_Walk_SpriteSheet",
  "Image": "Player_Walk_SpriteSheet",
  "Row": 4,
  "Frames": 4,
  "size": {
    "w": 64,
    "h": 120
  },
  "Animation": false,
  "Rows": [
    {
      "RowNum": 1, 
      "Information": "Player Walk up",
      "Frames": [
        {
          "FrameNumber": 1,
          "Name": "Player_Walk_up_1"
        },
        {
          "FrameNumber": 2,
          "Name": "Player_Walk_up_2"
        },
        {
          "FrameNumber": 3,
          "Name": "Player_Walk_up_3"
        },
        {
          "FrameNumber": 4,
          "Name": "Player_Walk_up_4"
        }
      ]
    },
    {
      "RowNum": 2,
      "Information": "Player Walk Right",
      "Frames": [
        {
          "FrameNumber": 1,
          "Name": "Player_Walk_Right_1"
        },
        {
          "FrameNumber": 2,
          "Name": "Player_Walk_Right_2"
        },
        {
          "FrameNumber": 3,
          "Name": "Player_Walk_Right_3"
        },
        {
          "FrameNumber": 4,
          "Name": "Player_Walk_Right_4"
        }
      ]
    },
    {
      "RowNum": 3,
      "Information": "Bottom Row Textbox texture",
      "Frames": [
        {
          "FrameNumber": 1,
          "Name": "Textbox_BottomRight_Corner"
        },
        {
          "FrameNumber": 2,
          "Name": "Textbox_Bottom"
        },
        {
          "FrameNumber": 3,
          "Name": "Textbox_BottomLeft_Corner"
        },
        {
          "FrameNumber": 4,
          "Name": "Textbox_BottomLeft_Corner"
        }
      ]
    },
    {
      "RowNum": 4,
      "Information": "Name Row Textbox texture",
      "Frames": [
        {
          "FrameNumber": 1,
          "Name": "Name_TopRight_Corner"
        },
        {
          "FrameNumber": 2,
          "Name": "Name_Top"
        },
        {
          "FrameNumber": 3,
          "Name": "Name_TopLeft_Corner"
        },
        {
          "FrameNumber": 4,
          "Name": "Textbox_BottomLeft_Corner"
        }
      ]
    }
  ]
}
