{
  "Size": {
    "X_Size": 200,
    "Y_Size": 100
  },

  "Textbox_Speed": 4,
  "Char_Per_Line": 30,
  "yPerLine":  30,

  "Types": [
    {
      "ID": 1,
      "Texture": "Tile1",
      "Lines_Per_Box": 4
    },
    {
      "ID": 2,
      "Texture": "Tile2",
      "Lines_Per_Box": 4
    }

  ],

  "TextboxYcord": 0.9,
  "NameboxSize": {
    "w": 200,
    "h": 50,
  },
  "NameboxXcord": 0.1,
  "TextboxBackgroundTypes": [
    {
      "ID": 1,
      "Size": {
        "w": 500,
        "h": 180
      },
      "Image": "Testbox_Sprite"
    },
    {
      "ID": 2,
      "Size": {
        "w": 500,
        "h": 260
      },
      "Image": "Testbox_Sprite"
    }
    ]
}
